"","GEOID","POP","CONST1","CONST2","CONST3","POPs","CONST1s","CONST2s","CONST3s"
"1","10",344,152,101,175,9.4339811320566,7.81024967590665,12.328828005938,11.1803398874989
"2","20",260,84,106,107,4.24264068711928,7.61577310586391,8.24621125123532,7.81024967590665
"3","30",682,200,242,293,8.36660026534076,12.4899959967968,14.3527000944073,10
